exp,phi_0,dV_ges,eps_0,h_dp_0,h_w_0,V_dp,Sep. Eff.,L_dp,dpz_flooded,status,h_dpz_0,h_dpz_1,h_dpz_2
2mmol_21C,0.0005610608327805,1500.6859313106795,0.2999640024223567,0.021848,0.1185301447368421,0.015615611154347371,1.0,1.3,True,success,0.026418286777627656,0.026418286777627656,0.0
10mmol_21C,0.0004694787804868,1250.1973383495144,0.3999479347612041,0.0282045338535183,0.0917653811970368,0.02251516340901211,1.0,1.3,True,success,0.038822383434036795,0.038822383434036795,0.0
15mmol_30C,0.0004270913623207,751.7522530744338,0.3005957847773192,0.0188758322981366,0.1027729614561364,0.008865534554002186,1.0,0.585,False,success,0.01851781593422515,0.01851781593422515,0.0
15mmol_30C,0.0003097268232073,757.4745813915857,0.3999771990613118,0.0243060245614035,0.1000643991269841,0.013772649617569684,1.0,0.8775,False,success,0.024220320858909877,0.024220320858909877,0.0
5mmol_30C,0.0005684442129561,1000.0322270226536,0.2999615892962858,0.0194626022035726,0.0973140920591429,0.003484922446996214,1.0,0.2145,False,success,0.019170641862306756,0.019170641862306756,0.0
15mmol_30C,0.0005252629562474,748.3448713592235,0.4994546043042226,0.0464775185344978,0.0936272636477901,0.013466248234746174,1.0,0.7929999999999999,False,success,0.04616641544734201,0.04616641544734201,0.0
15mmol_20C,0.0003341345369813,368.572605987055,0.5869402383408588,0.0250762722660276,0.1024272527984589,0.011181067387169348,1.0,0.7345,False,success,0.02500022317140363,0.02500022317140363,0.0
10mmol_30C,0.0005812634337109,998.7623250809062,0.499775008345779,0.0410365143990929,0.1062823566269841,0.018693798365509513,1.0,1.2934999999999999,False,success,0.04092240074979556,0.04092240074979556,0.0
15mmol_30C,0.0005510054903995,1006.7661578478966,0.4012057525033918,0.0377120637838137,0.104700250545658,0.012959005270523499,1.0,0.8775,False,success,0.03728936906016127,0.03728936906016127,0.0
2mmol_30C,0.0005836467279991,997.8167071197412,0.2993004752790806,0.0217729280822461,0.0966703513218062,0.003938805715127016,1.0,0.24050000000000002,False,success,0.020988474379063773,0.020988474379063773,0.0
10mmol_21C,0.0003049797877975,998.632776537217,0.3998395136156908,0.0349507763888888,0.1096418063465007,0.017962738739149508,1.0,1.3,True,success,0.051921276748767994,0.051921276748767994,0.0
ye,0.000464,200.0,0.2,0.04,0.1,0.001584831412594378,1.0,0.13440000000000002,False,success,0.03938477370109653,0.03938477370109653,0.0
5mmol_30C,0.0006157588009069,1999.9767121359223,0.4000157932192502,0.0325790625,0.0930523826118326,0.008894181947725977,1.0,0.52,False,success,0.03129520510685703,0.03129520510685703,0.0
15mmol_20C,0.0005593307682098,1247.756612944984,0.4997730873636098,0.0319875208333333,0.0962502860107485,0.02140126772633786,1.0,1.3,True,success,0.06223423753110832,0.06223423753110832,0.0
15mmol_20C,0.0003401193593309,1003.9034503236248,0.4000966956206965,0.0292137352622967,0.1091382728754501,0.018046009133726275,1.0,1.3,True,success,0.03556380514178867,0.03556380514178867,0.0
10mmol_30C,0.000327323098417,1000.691120711974,0.4999205277452283,0.0201710814285714,0.1278209700330688,0.013378837744594616,1.0,1.3,True,success,0.07156925862160152,0.07156925862160152,0.0
2mmol_30C,0.0006982405401018,2002.427888996764,0.5001117652735263,0.028438299574173,0.0896256687975899,0.012492640421894404,1.0,0.7020000000000001,False,success,0.02720254026612938,0.02720254026612938,0.0
ye,0.000334199,280.0,0.15,0.04,0.1,0.0018821711417949642,1.0,0.15960000000000002,False,success,0.039447378719696106,0.039447378719696106,0.0
10mmol_21C,0.0005706342000112,1013.3289938511329,0.5004104597675806,0.0324451484260839,0.1002474349072494,0.020348593429385758,1.0,1.3,True,success,0.03569575727126145,0.03569575727126145,0.0
15mmol_30C,0.0003148752893119,750.4453315533981,0.5000305646279545,0.0248891844237171,0.1097274088385206,0.015300415395242819,1.0,1.1115000000000002,False,success,0.02488826902340914,0.02488826902340914,0.0
5mmol_30C,0.000773049790394,1755.0430533980582,0.500060052266506,0.0268797424836935,0.0910264387762927,0.008879667226516513,1.0,0.507,False,success,0.025822919240879066,0.025822919240879066,0.0
15mmol_20C,0.0004132673799066,1251.8935572815535,0.3000824450508341,0.0310207143784416,0.1049973224979106,0.01701880429233661,1.0,1.157,False,success,0.030562616706143853,0.030562616706143853,0.0
2mmol_21C,0.0007012741622249,1924.43022815534,0.4051928628207774,0.04440175,0.0968169296918767,0.02145571286908234,1.0,1.3,True,success,0.10298320980049434,0.10298320980049434,0.0
15mmol_20C,0.0005262948212044,1004.8031040453074,0.5000378005996254,0.0380360221412013,0.1019388649980778,0.019919695956712745,1.0,1.3,True,success,0.04238563568384088,0.04238563568384088,0.0
2mmol_21C,0.0006373718749577,1500.0514666666668,0.2999424985976734,0.0358459999999999,0.1085776496598639,0.016555252863072085,1.0,1.183,False,success,0.03520382034442117,0.03520382034442117,0.0
15mmol_30C,0.0003272770673782,750.0605118122977,0.499916718946949,0.0252662042493901,0.1103543878487563,0.014985296157448343,1.0,1.0985,False,success,0.02486180216144418,0.02486180216144418,0.0
5mmol_30C,0.0005621593437695,1999.149445307444,0.3999120622415775,0.0335947999999999,0.0887784420891726,0.00968670231223192,1.0,0.5395,False,success,0.03242173907896684,0.03242173907896684,0.0
10mmol_21C,0.0002761222668056,1249.9055754045307,0.3000566116831281,0.0371610404761904,0.1110067059710197,0.017619427238013866,1.0,1.3,True,success,0.053391470721749726,0.053391470721749726,0.0
10mmol_30C,0.0003544279807638,708.8722381877025,0.5028645217248477,0.0259918796545008,0.1085523041852844,0.016925694294740907,1.0,1.209,False,success,0.025910146367971704,0.025910146367971704,0.0
15mmol_20C,0.0004090284703598,1259.034652265372,0.4012671901713452,0.0319788091892955,0.1072793023460798,0.018599931878488768,1.0,1.3,True,success,0.06038295539302162,0.06038295539302162,0.0
2mmol_21C,0.0006318123760649,1500.2585396440131,0.3000493519555831,0.0462224333333333,0.1120298641304347,0.016605868012094342,1.0,1.2480000000000002,False,success,0.045815693179098824,0.045815693179098824,0.0
15mmol_30C,0.0003391830958664,744.8778032362461,0.2981946384828475,0.0262363928765678,0.1039474347040922,0.009309714670802945,1.0,0.6240000000000001,False,success,0.025748270846703433,0.025748270846703433,0.0
15mmol_20C,0.0002093814177582,745.0419092233008,0.2994856625524135,0.0274881217252885,0.1045735463630351,0.013750948938985786,1.0,0.9295,False,success,0.027116895118130757,0.027116895118130757,0.0
10mmol_21C,0.0005440872225866,741.13801618123,0.2984620911048791,0.0367717875821294,0.0912289828454878,0.009987166689447682,1.0,0.5720000000000001,False,success,0.036595818516223524,0.036595818516223524,0.0
10mmol_30C,0.0005093737353384,998.6851726537216,0.2997178337437997,0.0315202605342574,0.1093128379982055,0.011701780717929213,1.0,0.845,False,success,0.031151621418562175,0.031151621418562175,0.0
2mmol_30C,0.0007672458443526,1498.859949352751,0.4999585709084858,0.0249653391198602,0.0923786486312712,0.008743296398424657,1.0,0.507,False,success,0.02380493753122502,0.02380493753122502,0.0
15mmol_20C,0.0004643312100543,1255.424561003236,0.3998944338746381,0.0316027064275762,0.1047591530838143,0.019188133000666567,1.0,1.3,True,success,0.046055100526585374,0.046055100526585374,0.0
15mmol_30C,0.0004627635525306,745.8762555016181,0.5006161939249868,0.0438557420664131,0.0935540203345874,0.014361829102761646,1.0,0.845,False,success,0.04380476637046478,0.04380476637046478,0.0
2mmol_30C,0.0007061775702968,1497.17051197411,0.4999023241630762,0.0264717894736842,0.0915881531073897,0.009160682684560642,1.0,0.5265,False,success,0.025466172702820797,0.025466172702820797,0.0
15mmol_30C,0.0006429602372548,1008.9897056634304,0.499187525574515,0.0372888684782608,0.1064073224338624,0.014550392905874036,1.0,1.0075,False,success,0.03724635435039088,0.03724635435039088,0.0
10mmol_30C,0.0003602257731701,755.7630906957929,0.3990199860608711,0.0269845499852584,0.110368596713114,0.013917690968052907,1.0,1.0205,False,success,0.02686121514176046,0.02686121514176046,0.0
5mmol_30C,0.0007966390999504,1500.334628964401,0.5000198842824538,0.0279231363636363,0.0923053141210075,0.0072895543421692315,1.0,0.4225,False,success,0.027108699358680224,0.027108699358680224,0.0
2mmol_21C,0.000595618199435,1007.0927,0.300563236353818,0.0265932507936508,0.1001188548809523,0.012641615647323814,1.0,0.806,False,success,0.026525052587152848,0.026525052587152848,0.0
5mmol_30C,0.0006811718052369,1999.619482200648,0.4999888168292414,0.0301781104573627,0.088787928779962,0.010970886501931197,1.0,0.611,False,success,0.029325439680257664,0.029325439680257664,0.0
10mmol_30C,0.0003212450697733,756.7846559870549,0.301654369615334,0.0272333787142562,0.1065200839174713,0.011516754530948503,1.0,0.7995,False,success,0.02716327386360616,0.02716327386360616,0.0
10mmol_21C,0.0005248072580817,1254.1137689320387,0.4010629984931583,0.0312365110545115,0.1049000156969419,0.019141973911774753,1.0,1.3,True,success,0.041820065948130716,0.041820065948130716,0.0
ye,0.000309957,280.0,0.1,0.04,0.1,0.001287850192315153,1.0,0.10920000000000002,False,success,0.039471811992947754,0.039471811992947754,0.0
2mmol_30C,0.000521471974012,1500.3272006472496,0.3002948538790957,0.0166039026190476,0.1266663666666666,0.004615221480496085,1.0,0.442,False,success,0.016073389042105896,0.016073389042105896,0.0
ye,0.000431,160.0,0.2,0.04,0.1,0.0012882669860442954,1.0,0.10920000000000002,False,success,0.03971684764842102,0.03971684764842102,0.0
2mmol_21C,0.0006951008675881,2001.264875566344,0.4000326327947462,0.046956,0.0993604538386783,0.02077258007672594,1.0,1.3,True,success,0.10035476386881916,0.10035476386881916,0.0
15mmol_20C,0.0004142618945353,1006.6231196440132,0.5007902148216578,0.0302788246753246,0.108647545979021,0.018233500070343727,1.0,1.3,True,success,0.0578209163634085,0.0578209163634085,0.0
10mmol_21C,0.0004846480729366,1249.761606148867,0.3000612387714899,0.0294162134266557,0.1078519281752772,0.015808409177129175,1.0,1.1179999999999999,False,success,0.028903365801329642,0.028903365801329642,0.0
15mmol_30C,0.0004779534692433,1001.2921626213592,0.3000605466057129,0.0316185613347146,0.1057854758793058,0.010309911539713185,1.0,0.7085000000000001,False,success,0.03132462452761926,0.03132462452761926,0.0
15mmol_30C,0.0002647629081632,744.8717234627832,0.2993122947585626,0.0220810808344676,0.1042543827310652,0.010527090659540406,1.0,0.7085000000000001,False,success,0.02165944109697092,0.02165944109697092,0.0
10mmol_21C,0.0002046213415225,743.1017009708738,0.2970189337498062,0.036558696579767,0.096633421772348,0.015119846634077418,1.0,0.9229999999999999,False,success,0.03623842639994759,0.03623842639994759,0.0
15mmol_20C,0.0003230636703783,744.0948703883495,0.2990473947854036,0.0357769860642135,0.099846621048396,0.011764654976681192,1.0,0.7475,False,success,0.03561613452186366,0.03561613452186366,0.0
ye,0.001278,280.0,0.2,0.04,0.1,0.0013546011331304984,1.0,0.1148,False,success,0.03996011887855832,0.03996011887855832,0.0
2mmol_21C,0.0007418070880366,1500.2152653721682,0.3999397663269279,0.0345381666666666,0.0977668173333333,0.02098554484315624,1.0,1.3,True,success,0.042111260587592736,0.042111260587592736,0.0
10mmol_21C,0.0003308491945632,1239.4632069579286,0.3991156514589274,0.0365192499444999,0.1087117456156806,0.018347169000900228,1.0,1.3,True,success,0.09101773345521222,0.09101773345521222,0.0
10mmol_30C,0.0004900184861833,1000.7560826860844,0.3000354503635074,0.0355390581711938,0.108222651543549,0.012067967577178226,1.0,0.858,False,success,0.035383444556152346,0.035383444556152346,0.0
2mmol_30C,0.0006904907695254,1504.5517301779937,0.3999747016050964,0.0225364532271241,0.0949953651563401,0.0073905911028328015,1.0,0.442,False,success,0.021392415499229947,0.021392415499229947,0.0
5mmol_30C,0.0005113940611184,1499.810570388349,0.3000029898914364,0.0203558759259259,0.1418719722222222,0.003263137770603118,1.0,0.429,False,success,0.019744321823886413,0.019744321823886413,0.0
10mmol_21C,0.0003478200915764,1249.9720524271845,0.2999961854159247,0.0374498993055555,0.1097543914445277,0.017894176918640047,1.0,1.3,True,success,0.04015300777940828,0.04015300777940828,0.0
